Category,Keyword,Search Intent,Est. Monthly Volume,Difficulty,Priority,Target URL,Content Type,Status,Target Publish Date,Title Tag,Meta Description
Primary,flat roof replacement cost Canada,Informational,Medium,Medium,P1,/flat-roof-replacement-cost,Guide,Not Started,Week 2,"Flat Roof Replacement Cost in Canada (2026) | RoofRFQ","How much does flat roof replacement cost in Canada? $8–$16/sq ft depending on material and location. Full cost breakdown."
Primary,flat roof replacement Toronto,Local + Commercial,Medium,High,P1,/flat-roof-replacement-toronto,Local Landing Page,Not Started,Week 4,"Flat Roof Replacement Toronto — Free Quotes | RoofRFQ","Get competitive flat roof replacement quotes from vetted Toronto contractors. TPO EPDM PVC modified bitumen. Free RFQ."
Primary,commercial flat roof replacement,Commercial,Medium,Medium,P1,/commercial-flat-roof-replacement,Service Page,Not Started,Week 3,"Commercial Flat Roof Replacement — Get Quotes | RoofRFQ","Commercial flat roof replacement quotes from vetted contractors across Canada. All systems covered. Free RFQ."
Primary,flat roof RFQ,Transactional,Low,Low,P1,/,Homepage,Live,"","RoofRFQ — Flat Roof Replacement Made Simple","Get competitive flat roof replacement quotes from vetted contractors across Canada."
Primary,flat roof contractors near me,Local,High,High,P1,/find-contractors,Directory/Search,Not Started,Month 2,"Find Flat Roof Contractors Near You | RoofRFQ","Search pre-vetted flat roof contractors in your area. Get free quotes for TPO EPDM PVC roof replacement."
Secondary,TPO roofing contractors Canada,Local + Commercial,Low-Med,Low,P2,/tpo-roofing,Material Page,Not Started,Month 2,"TPO Roofing Contractors Canada — Get Quotes | RoofRFQ","Find vetted TPO roofing contractors across Canada. Energy-efficient flat roof replacement with free quotes."
Secondary,EPDM roof replacement,Informational,Medium,Medium,P2,/epdm-roofing,Material Page,Not Started,Month 2,"EPDM Roof Replacement Canada — Get Quotes | RoofRFQ","EPDM rubber roof replacement quotes from vetted contractors. Durable cold-climate flat roofing. Free RFQ."
Secondary,PVC flat roof,Informational,Low-Med,Low,P2,/pvc-roofing,Material Page,Not Started,Month 3,"PVC Flat Roofing Canada — Get Quotes | RoofRFQ","PVC flat roof installation and replacement quotes. Chemical-resistant industrial roofing. Free RFQ."
Long-tail,how much does flat roof replacement cost Ontario,Informational,Low-Med,Low,P1,/blog/flat-roof-replacement-cost-ontario,Blog Guide,Not Started,Week 2,"Flat Roof Replacement Cost Ontario (2026) — Full Breakdown | RoofRFQ","What does flat roof replacement cost in Ontario? Regional pricing for TPO EPDM PVC and modified bitumen."
Long-tail,TPO vs EPDM vs PVC flat roof,Comparison,Medium,Medium,P1,/blog/tpo-vs-epdm-vs-pvc,Blog Comparison,Not Started,Week 3,"TPO vs EPDM vs PVC — Which Flat Roof Material Is Best? | RoofRFQ","Compare TPO EPDM and PVC flat roofing. Cost lifespan climate performance and which is best for Canadian buildings."
Long-tail,signs flat roof needs replacement,Informational,Low-Med,Low,P2,/blog/signs-flat-roof-needs-replacement,Blog Checklist,Not Started,Month 2,"10 Signs Your Flat Roof Needs Replacement | RoofRFQ","Leaks ponding water blistering — know when it's time. Expert checklist for flat roof replacement timing."
Long-tail,flat roof replacement process,Informational,Low,Low,P2,/blog/flat-roof-replacement-process,Blog Guide,Not Started,Month 2,"Flat Roof Replacement Process Step by Step | RoofRFQ","What to expect during flat roof replacement. Timeline materials and process explained for Canadian property owners."
Long-tail,flat roof maintenance schedule,Informational,Low,Low,P3,/blog/flat-roof-maintenance-schedule,Blog Template,Not Started,Month 3,"Commercial Flat Roof Maintenance Schedule Template | RoofRFQ","Free flat roof maintenance schedule template. Seasonal inspection checklist for Canadian commercial buildings."
Long-tail,flat roof insulation options Canada,Informational,Low,Low,P3,/blog/flat-roof-insulation-canada,Blog Guide,Not Started,Month 3,"Flat Roof Insulation Options for Canadian Buildings | RoofRFQ","Polyiso rigid board spray foam — compare flat roof insulation for Canadian climates. R-value guide and cost breakdown."
Long-tail,how to choose flat roof contractor,Informational,Low-Med,Low,P2,/blog/how-to-choose-flat-roof-contractor,Blog Guide,Not Started,Month 2,"How to Choose a Flat Roof Contractor in Canada | RoofRFQ","What to look for in a flat roof contractor. Licensing insurance warranties and red flags. Expert guide."
Long-tail,flat roof warranty guide,Informational,Low,Low,P3,/blog/flat-roof-warranty-guide,Blog Guide,Not Started,Month 3,"Flat Roof Warranty Guide — What to Look For | RoofRFQ","Manufacturer vs contractor warranties. What's covered and what's not. Flat roof warranty explained."
Long-tail,flat roof replacement winter Canada,Seasonal,Low,Low,P3,/blog/flat-roof-replacement-winter,Blog Seasonal,Not Started,Month 3,"Can You Replace a Flat Roof in Winter? Canadian Guide | RoofRFQ","Yes with the right materials and conditions. Guide to winter flat roof replacement in Canada."
Long-tail,condo flat roof replacement,Informational,Low,Low,P3,/blog/condo-flat-roof-replacement,Blog FAQ,Not Started,Month 3,"Condo Flat Roof Replacement — Who Pays? | RoofRFQ","Condo board responsibilities reserve funds and special assessments for flat roof replacement. Canadian guide."
Local,flat roof replacement Vancouver,Local,Medium,High,P1,/flat-roof-replacement-vancouver,Local Landing Page,Not Started,Week 4,"Flat Roof Replacement Vancouver — Free Quotes | RoofRFQ","Get competitive flat roof replacement quotes from vetted Vancouver contractors. Free RFQ."
Local,flat roof replacement Calgary,Local,Low-Med,Medium,P2,/flat-roof-replacement-calgary,Local Landing Page,Not Started,Month 2,"Flat Roof Replacement Calgary — Free Quotes | RoofRFQ","Get competitive flat roof replacement quotes from vetted Calgary contractors. Free RFQ."
Local,flat roof replacement Ottawa,Local,Low-Med,Medium,P2,/flat-roof-replacement-ottawa,Local Landing Page,Not Started,Month 2,"Flat Roof Replacement Ottawa — Free Quotes | RoofRFQ","Get competitive flat roof replacement quotes from vetted Ottawa contractors. Free RFQ."
Local,flat roof replacement Montreal,Local,Medium,High,P2,/flat-roof-replacement-montreal,Local Landing Page,Not Started,Month 2,"Flat Roof Replacement Montreal — Free Quotes | RoofRFQ","Get competitive flat roof replacement quotes from vetted Montreal contractors. Free RFQ."
Local,flat roof replacement Edmonton,Local,Low-Med,Medium,P3,/flat-roof-replacement-edmonton,Local Landing Page,Not Started,Month 3,"Flat Roof Replacement Edmonton — Free Quotes | RoofRFQ","Get competitive flat roof replacement quotes from vetted Edmonton contractors. Free RFQ."
Local,flat roof replacement Winnipeg,Local,Low,Medium,P3,/flat-roof-replacement-winnipeg,Local Landing Page,Not Started,Month 3,"Flat Roof Replacement Winnipeg — Free Quotes | RoofRFQ","Get competitive flat roof replacement quotes from vetted Winnipeg contractors. Free RFQ."
Local,flat roof replacement Hamilton,Local,Low,Medium,P3,/flat-roof-replacement-hamilton,Local Landing Page,Not Started,Month 3,"Flat Roof Replacement Hamilton — Free Quotes | RoofRFQ","Get competitive flat roof replacement quotes from vetted Hamilton contractors. Free RFQ."
Local,flat roof replacement Mississauga,Local,Low-Med,Medium,P3,/flat-roof-replacement-mississauga,Local Landing Page,Not Started,Month 3,"Flat Roof Replacement Mississauga — Free Quotes | RoofRFQ","Get competitive flat roof replacement quotes from vetted Mississauga contractors. Free RFQ."
Local,flat roof replacement Brampton,Local,Low,Medium,P3,/flat-roof-replacement-brampton,Local Landing Page,Not Started,Month 3,"Flat Roof Replacement Brampton — Free Quotes | RoofRFQ","Get competitive flat roof replacement quotes from vetted Brampton contractors. Free RFQ."
GEO,best way to get flat roof quotes Canada,AI Search,Low,Low,P1,/blog/flat-roof-replacement-cost-ontario,Blog — GEO optimized,Not Started,Week 2,"","(covered by cost guide — structure for AI citability)"
GEO,flat roof replacement platform Canada,AI Search,Low,Low,P1,/,Homepage — GEO optimized,Live,"","","(schema markup + brand mentions drive this)"
GEO,compare flat roof contractors,AI Search,Low,Low,P2,/blog/how-to-choose-flat-roof-contractor,Blog — GEO optimized,Not Started,Month 2,"","(covered by contractor guide — FAQ schema)"
